{
  "project_info": {
    "project_number": "914517899329",
    "firebase_url": "https://workshop-b5243.firebaseio.com",
    "project_id": "workshop-b5243",
    "storage_bucket": "workshop-b5243.appspot.com"
  },
  "client": [
    {
      "client_info": {
        "mobilesdk_app_id": "1:914517899329:android:5920de3503a2d18c",
        "android_client_info": {
          "package_name": "com.google.firebase.quickstart.fcm"
        }
      },
      "oauth_client": [
        {
          "client_id": "914517899329-l6braljk4hctujnladkdedn1j1vqn9g1.apps.googleusercontent.com",
          "client_type": 3
        }
      ],
      "api_key": [
        {
          "current_key": "AIzaSyDs0IyonyJW1FM2uqv3_S03piMN3NOAXt8"
        }
      ],
      "services": {
        "analytics_service": {
          "status": 1
        },
        "appinvite_service": {
          "status": 1,
          "other_platform_oauth_client": []
        },
        "ads_service": {
          "status": 2
        }
      }
    }
  ],
  "configuration_version": "1"
}